                  epoch,         train/box_loss,         train/cls_loss,         train/dfl_loss,   metrics/precision(B),      metrics/recall(B),       metrics/mAP50(B),    metrics/mAP50-95(B),           val/box_loss,           val/cls_loss,           val/dfl_loss,                 lr/pg0,                 lr/pg1,                 lr/pg2
                      1,                 2.1593,                 3.2125,                 1.6808,                 0.0063,                0.44737,                0.13845,                0.06206,                 1.8377,                 3.5007,                 1.4344,                0.00022,                0.00022,                0.00022
                      2,                 2.1065,                 2.4883,                 1.7108,                0.00827,                0.58772,                0.14688,                0.07026,                 1.9443,                 3.3918,                  1.491,             0.00045909,             0.00045909,             0.00045909
                      3,                 1.9827,                 2.1498,                 1.5796,                 0.0079,                 0.5614,                0.09072,                0.03759,                 2.0941,                 3.3141,                 1.5738,             0.00069723,             0.00069723,             0.00069723
                      4,                   1.97,                 2.1827,                 1.6119,                0.43219,                0.07018,                0.08474,                0.02655,                 2.2311,                  3.353,                 1.6961,             0.00093442,             0.00093442,             0.00093442
                      5,                 1.9375,                 2.0772,                 1.5813,                0.18289,                0.12281,                 0.0943,                0.03718,                 2.3578,                  3.149,                 1.7804,              0.0011707,              0.0011707,              0.0011707
                      6,                 1.9915,                 2.0359,                 1.6301,                0.34588,                0.28296,                0.19083,                0.04795,                 2.4288,                 3.0075,                 1.7759,              0.0014059,              0.0014059,              0.0014059
                      7,                 1.9885,                 2.0183,                 1.6547,                0.12046,                 0.2193,                0.06643,                0.02143,                 2.5134,                 3.5714,                 2.0221,              0.0016403,              0.0016403,              0.0016403
                      8,                  2.049,                 2.0679,                 1.6853,                0.18169,                0.23684,                0.10416,                0.03411,                 2.4538,                 3.1355,                  1.945,              0.0018737,              0.0018737,              0.0018737
                      9,                 1.9956,                 2.1488,                 1.6574,                 0.1291,                0.24561,                0.06765,                 0.0206,                 2.4458,                 3.2387,                 1.9222,              0.0019683,              0.0019683,              0.0019683
                     10,                 2.0221,                 1.9295,                 1.6786,                0.17645,                0.12281,                0.06596,                0.01842,                 2.5294,                 3.0976,                 1.9471,              0.0019644,              0.0019644,              0.0019644
                     11,                 1.9394,                 1.9442,                  1.659,                0.24949,                0.08772,                0.04433,                0.01479,                 2.6374,                 3.8663,                 2.0951,              0.0019604,              0.0019604,              0.0019604
                     12,                  2.116,                 1.8958,                 1.7157,                0.28302,                0.10526,                0.07095,                0.01851,                 2.8403,                 3.7523,                 2.4684,              0.0019564,              0.0019564,              0.0019564
                     13,                 2.0328,                 1.8147,                 1.5864,                0.19548,                0.19298,                0.09436,                0.02452,                 2.7203,                 3.6784,                 2.4331,              0.0019525,              0.0019525,              0.0019525
                     14,                 1.9407,                 1.7987,                 1.6027,                0.25949,                0.31579,                0.19807,                0.06501,                 2.5495,                 3.3899,                 2.0924,              0.0019485,              0.0019485,              0.0019485
                     15,                 1.9535,                 1.7272,                 1.6428,                0.42961,                0.21053,                0.25061,                0.07838,                 2.2845,                 3.5326,                 1.7877,              0.0019446,              0.0019446,              0.0019446
                     16,                 1.9988,                 1.7199,                 1.6098,                0.11254,                0.18421,                0.06026,                0.02036,                 2.4788,                   4.98,                 1.9629,              0.0019406,              0.0019406,              0.0019406
                     17,                 1.9882,                  1.834,                 1.6293,                0.23818,                0.16667,                0.12245,                0.04073,                 2.5597,                 4.0281,                 2.1439,              0.0019366,              0.0019366,              0.0019366
                     18,                 1.9116,                 1.6494,                 1.5485,                0.26572,                0.21053,                0.12516,                0.04392,                  2.363,                 3.6575,                 1.8356,              0.0019327,              0.0019327,              0.0019327
                     19,                 1.9566,                 1.7312,                 1.6367,                0.27824,                0.19275,                 0.1392,                0.04795,                 2.5354,                 3.2194,                 2.0386,              0.0019287,              0.0019287,              0.0019287
                     20,                 1.9225,                 1.8873,                 1.6565,                0.36773,                0.14912,                0.14979,                0.04733,                 2.4961,                  3.676,                   2.06,              0.0019248,              0.0019248,              0.0019248
                     21,                 1.8892,                 1.5924,                 1.5528,                0.31799,                0.17544,                0.16328,                0.04814,                 2.6263,                 2.9419,                  2.105,              0.0019208,              0.0019208,              0.0019208
                     22,                 1.8894,                 1.6028,                   1.56,                0.15966,                0.31579,                 0.1461,                0.04963,                 2.4111,                 2.5196,                 1.9395,              0.0019168,              0.0019168,              0.0019168
                     23,                 2.0822,                 1.7316,                 1.6792,                0.36445,                0.18421,                0.18822,                0.05527,                 2.4817,                 2.5344,                 1.8801,              0.0019129,              0.0019129,              0.0019129
                     24,                 1.9538,                 1.6219,                 1.5751,                0.20282,                0.22807,                0.13352,                0.04692,                  2.611,                 2.7187,                 2.0503,              0.0019089,              0.0019089,              0.0019089
                     25,                 1.8596,                 1.5699,                 1.5312,                0.31979,                0.32456,                0.24274,                0.07551,                 2.5568,                 2.3816,                 1.9401,               0.001905,               0.001905,               0.001905
                     26,                  1.853,                 1.5729,                 1.5811,                0.36035,                0.24217,                0.23954,                0.07564,                 2.5082,                 2.3072,                 1.8948,               0.001901,               0.001901,               0.001901
                     27,                 1.8007,                 1.4645,                 1.4656,                0.28354,                0.33333,                 0.2637,                 0.1168,                  2.204,                 2.2059,                 1.7404,               0.001897,               0.001897,               0.001897
                     28,                 1.8811,                 1.5464,                 1.5351,                  0.311,                0.24561,                0.19323,                0.05809,                 2.5462,                 2.3929,                 1.9354,              0.0018931,              0.0018931,              0.0018931
                     29,                 1.9027,                 1.5249,                  1.513,                0.62537,                0.23684,                0.28814,                0.10794,                 2.4152,                 2.4339,                 1.8117,              0.0018891,              0.0018891,              0.0018891
                     30,                 1.8731,                 1.6903,                  1.616,                0.45106,                0.25439,                  0.262,                0.10299,                 2.2956,                 2.2148,                  1.716,              0.0018852,              0.0018852,              0.0018852
                     31,                 1.9061,                 1.5224,                 1.5551,                0.38608,                0.38065,                0.26662,                0.09326,                 2.3771,                 2.1909,                 1.8262,              0.0018812,              0.0018812,              0.0018812
                     32,                 1.8098,                 1.4303,                 1.4565,                0.28233,                0.34211,                0.20621,                0.05862,                 2.4696,                 2.3837,                 1.9015,              0.0018772,              0.0018772,              0.0018772
                     33,                 1.7212,                 1.4241,                  1.419,                0.28536,                0.35965,                0.21092,                0.06671,                  2.509,                 2.3332,                 1.9347,              0.0018733,              0.0018733,              0.0018733
                     34,                 1.8165,                 1.4414,                 1.5008,                0.30565,                0.30702,                0.23485,                0.08191,                 2.4674,                 2.2163,                 1.9411,              0.0018693,              0.0018693,              0.0018693
                     35,                 1.8279,                 1.3796,                 1.4894,                0.35802,                0.28947,                0.22918,                0.08133,                 2.5156,                 2.2144,                 1.9765,              0.0018654,              0.0018654,              0.0018654
                     36,                 1.8097,                  1.389,                 1.5102,                0.31065,                0.20175,                0.18887,                0.06747,                 2.6662,                 2.3506,                  2.039,              0.0018614,              0.0018614,              0.0018614
                     37,                 1.8377,                 1.4513,                 1.4366,                0.33435,                0.31579,                0.23455,                0.09162,                 2.4642,                  2.128,                 1.9241,              0.0018574,              0.0018574,              0.0018574
                     38,                 1.8043,                  1.325,                 1.5002,                0.24419,                0.30326,                0.19464,                0.06366,                 2.6893,                 2.4279,                 2.0769,              0.0018535,              0.0018535,              0.0018535
                     39,                 1.7363,                 1.3984,                 1.4287,                0.31289,                0.35965,                0.27062,                 0.1155,                 2.3548,                 2.2456,                 1.9289,              0.0018495,              0.0018495,              0.0018495
                     40,                 1.6871,                 1.4478,                  1.449,                 0.2583,                0.34211,                0.19685,                0.05819,                 2.4824,                 2.8223,                 1.9577,              0.0018456,              0.0018456,              0.0018456
                     41,                 1.7941,                 1.6199,                 1.5407,                0.30875,                0.20175,                0.17346,                0.06876,                 2.4156,                 2.7313,                 1.9353,              0.0018416,              0.0018416,              0.0018416
                     42,                 1.7508,                 1.5063,                 1.4548,                0.25035,                0.17544,                 0.1207,                0.04731,                 2.5315,                 3.1612,                 2.1933,              0.0018376,              0.0018376,              0.0018376
                     43,                 1.8047,                 1.4294,                 1.4423,                0.28022,                0.24561,                0.15728,                0.05275,                 2.5587,                 2.9281,                 2.0729,              0.0018337,              0.0018337,              0.0018337
                     44,                 1.6219,                 1.2596,                 1.3729,                0.28741,                0.27193,                0.18585,                0.06477,                 2.5587,                  2.543,                 1.9865,              0.0018297,              0.0018297,              0.0018297
                     45,                 1.8345,                 1.4023,                 1.5004,                0.37155,                0.28947,                0.21359,                0.08456,                  2.384,                 2.3931,                 1.8567,              0.0018258,              0.0018258,              0.0018258
                     46,                 1.7319,                 1.4214,                 1.4795,                  0.317,                0.33333,                0.25663,                0.11061,                 2.2491,                 2.1874,                 1.7382,              0.0018218,              0.0018218,              0.0018218
                     47,                 1.6952,                  1.314,                  1.448,                 0.3535,                 0.2807,                0.26662,                0.10864,                 2.3097,                 2.0892,                 1.7456,              0.0018178,              0.0018178,              0.0018178
                     48,                 1.7108,                 1.3234,                 1.4437,                0.29184,                0.42982,                0.27227,                0.10626,                 2.4287,                 1.9905,                 1.7851,              0.0018139,              0.0018139,              0.0018139
                     49,                 1.7077,                  1.239,                 1.3677,                0.30881,                0.41228,                0.27529,                0.09939,                 2.4775,                 2.1931,                 1.8481,              0.0018099,              0.0018099,              0.0018099
                     50,                 1.6363,                 1.2651,                 1.3796,                0.46936,                 0.2193,                0.24388,                0.09233,                 2.3915,                 2.5163,                 1.7974,               0.001806,               0.001806,               0.001806
                     51,                 1.6629,                 1.2569,                 1.3642,                0.51386,                0.25439,                0.23092,                0.09044,                 2.5173,                 2.4163,                 1.9174,               0.001802,               0.001802,               0.001802
                     52,                 1.6117,                 1.1726,                 1.3667,                 0.3061,                0.31579,                0.21504,                0.08242,                 2.5537,                 2.3277,                 1.9389,               0.001798,               0.001798,               0.001798
                     53,                 1.6671,                 1.1497,                 1.3744,                0.30004,                0.33333,                0.24764,                0.09429,                 2.5351,                 2.2859,                 1.9476,              0.0017941,              0.0017941,              0.0017941
                     54,                  1.642,                 1.1491,                 1.3808,                0.37605,                0.24561,                0.18033,                0.07502,                  2.574,                 2.5189,                  1.971,              0.0017901,              0.0017901,              0.0017901
                     55,                 1.7666,                   1.39,                  1.524,                0.35847,                0.29825,                0.20598,                 0.0673,                 2.5602,                 2.3955,                 1.9815,              0.0017862,              0.0017862,              0.0017862
                     56,                   1.63,                 1.1654,                   1.41,                0.33241,                0.23684,                 0.1734,                0.05869,                 2.6699,                 2.3623,                 2.1692,              0.0017822,              0.0017822,              0.0017822
                     57,                 1.6199,                 1.1744,                 1.3593,                0.33891,                0.35965,                0.27107,                0.09407,                 2.5707,                 2.2516,                  2.012,              0.0017782,              0.0017782,              0.0017782
                     58,                 1.7403,                 1.6049,                 1.5114,                0.44725,                0.26316,                0.25265,                0.08078,                 2.6576,                 2.2631,                 2.0403,              0.0017743,              0.0017743,              0.0017743
                     59,                 1.7321,                 1.1654,                 1.4091,                0.44693,                0.33333,                0.31271,                0.11002,                 2.4492,                 2.2447,                 1.8769,              0.0017703,              0.0017703,              0.0017703
                     60,                 1.6871,                 1.1942,                 1.3987,                0.34087,                0.25439,                0.21109,                0.06772,                 2.6156,                 2.5242,                  2.001,              0.0017664,              0.0017664,              0.0017664
                     61,                 1.6708,                 1.3352,                 1.4408,                0.38102,                0.27193,                0.22091,                 0.0749,                 2.6046,                 2.3213,                 2.0764,              0.0017624,              0.0017624,              0.0017624
                     62,                 1.5702,                 1.1188,                 1.3805,                0.43264,                0.24561,                0.21759,                 0.0726,                 2.7087,                 2.4035,                 2.1351,              0.0017584,              0.0017584,              0.0017584
                     63,                 1.5369,                 1.6977,                 1.2696,                 0.3702,                0.34211,                 0.2505,                0.08328,                 2.6116,                 2.3056,                  2.042,              0.0017545,              0.0017545,              0.0017545
                     64,                 1.6078,                 1.1782,                 1.3497,                0.35882,                0.24561,                0.16864,                0.06162,                 2.7718,                 2.4651,                 2.1919,              0.0017505,              0.0017505,              0.0017505
                     65,                 1.6493,                 1.1357,                 1.4237,                0.38826,                0.30702,                0.24937,                0.09445,                 2.5737,                  2.193,                 1.9581,              0.0017466,              0.0017466,              0.0017466
                     66,                 1.5685,                 1.0791,                 1.3277,                0.31039,                0.31579,                0.21449,                0.06539,                 2.7022,                 2.4135,                 2.0817,              0.0017426,              0.0017426,              0.0017426
                     67,                 1.5845,                 1.1124,                 1.3407,                0.31994,                0.40351,                0.21098,                0.06472,                 2.5962,                 2.3274,                 1.9751,              0.0017386,              0.0017386,              0.0017386
                     68,                 1.5544,                 1.1188,                 1.3365,                0.31091,                0.35965,                0.22319,                0.08153,                 2.5735,                 2.3685,                  2.058,              0.0017347,              0.0017347,              0.0017347
                     69,                 1.5973,                 1.1071,                 1.3455,                0.37402,                0.27193,                0.21773,                0.06882,                 2.6838,                 2.5782,                 2.1408,              0.0017307,              0.0017307,              0.0017307
                     70,                 1.5741,                 1.0724,                 1.3943,                0.36283,                0.28947,                0.24429,                0.08417,                 2.6442,                 2.3226,                 2.0887,              0.0017268,              0.0017268,              0.0017268
                     71,                 1.5579,                 1.0897,                 1.2916,                0.33155,                0.36842,                0.25202,                0.08799,                 2.6548,                 2.2764,                 2.0254,              0.0017228,              0.0017228,              0.0017228
                     72,                 1.6454,                 1.0961,                 1.4012,                 0.4032,                0.30702,                0.26141,                0.08505,                 2.5848,                 2.2394,                 1.9705,              0.0017188,              0.0017188,              0.0017188
                     73,                 1.5965,                 1.2036,                 1.4141,                0.36966,                 0.4386,                0.34988,                0.13201,                 2.3497,                 2.1339,                 1.8547,              0.0017149,              0.0017149,              0.0017149
                     74,                 1.6931,                 1.1539,                 1.4814,                0.35321,                0.36842,                0.24452,                0.07148,                 2.6239,                 2.3514,                 2.0015,              0.0017109,              0.0017109,              0.0017109
                     75,                 1.5689,                  1.112,                 1.3462,                0.35048,                0.44737,                0.28456,                 0.1154,                 2.3936,                 2.1622,                 1.8558,               0.001707,               0.001707,               0.001707
                     76,                 1.5622,                 1.0447,                 1.3553,                0.29927,                0.33333,                0.22257,                0.06486,                 2.6024,                 2.6077,                 2.0018,               0.001703,               0.001703,               0.001703
                     77,                 1.5515,                  1.098,                 1.3423,                0.43416,                0.30963,                0.29815,                0.11805,                 2.2454,                 2.1473,                  1.748,               0.001699,               0.001699,               0.001699
                     78,                 1.4775,                 1.0377,                 1.2901,                  0.465,                0.23684,                0.23659,                0.09035,                  2.481,                 2.3938,                 1.9726,              0.0016951,              0.0016951,              0.0016951
                     79,                 1.6179,                  1.209,                 1.4047,                 0.4686,                0.28947,                0.30977,                0.11737,                 2.3801,                 2.1245,                 1.8842,              0.0016911,              0.0016911,              0.0016911
                     80,                 1.5273,                 1.0624,                 1.3217,                 0.3907,                0.40351,                0.30762,                0.12174,                 2.3479,                 2.1025,                 1.8243,              0.0016872,              0.0016872,              0.0016872
                     81,                  1.574,                 1.1085,                 1.3259,                0.42931,                0.31579,                0.29382,                 0.1005,                 2.3821,                 2.1335,                 1.8891,              0.0016832,              0.0016832,              0.0016832
                     82,                 1.5621,                 1.2156,                 1.3434,                0.29219,                0.34211,                0.24346,                 0.0842,                  2.397,                 2.4227,                 1.8537,              0.0016792,              0.0016792,              0.0016792
                     83,                 1.5288,                 1.0545,                 1.3076,                0.26722,                0.24561,                0.20161,                 0.0698,                 2.6659,                 2.4025,                 2.0218,              0.0016753,              0.0016753,              0.0016753
                     84,                 1.6989,                 1.1985,                 1.4884,                 0.4255,                0.22807,                0.21929,                0.08729,                 2.3932,                 2.2698,                 1.8763,              0.0016713,              0.0016713,              0.0016713
                     85,                 1.5146,                 1.0045,                 1.3154,                0.49052,                0.23648,                0.22802,                0.06823,                 2.7088,                 2.3659,                 2.0511,              0.0016674,              0.0016674,              0.0016674
                     86,                  1.544,                 1.0482,                 1.3072,                0.42289,                0.30702,                0.25813,                0.09382,                 2.4363,                 2.1044,                 1.9059,              0.0016634,              0.0016634,              0.0016634
                     87,                 1.5374,                 1.0224,                  1.286,                0.46822,                0.28947,                0.26067,                0.08739,                 2.5637,                 2.3077,                 2.0251,              0.0016594,              0.0016594,              0.0016594
                     88,                 1.8223,                 1.5539,                 1.7619,                0.36205,                0.31579,                0.25484,                0.08111,                 2.6024,                 2.4299,                 2.0599,              0.0016555,              0.0016555,              0.0016555
                     89,                 1.4923,                 1.0135,                 1.2834,                0.35225,                0.28947,                0.21927,                0.07941,                 2.6765,                 2.2214,                 2.0871,              0.0016515,              0.0016515,              0.0016515
                     90,                  1.476,                0.92841,                 1.2632,                0.41768,                0.32456,                0.29883,                0.10322,                 2.5156,                  2.003,                 2.0049,              0.0016476,              0.0016476,              0.0016476
                     91,                 1.6819,                 1.2847,                 1.4669,                0.35126,                0.33333,                0.25863,                0.09548,                 2.6462,                 2.1635,                 2.1355,              0.0016436,              0.0016436,              0.0016436
                     92,                 1.4215,                0.97615,                 1.2618,                0.50802,                0.28947,                0.27739,                0.09568,                 2.5103,                 2.1557,                  2.014,              0.0016396,              0.0016396,              0.0016396
                     93,                 1.4683,                0.98686,                 1.2363,                0.39753,                0.24561,                 0.2024,                0.06975,                 2.5896,                 2.2615,                 2.0509,              0.0016357,              0.0016357,              0.0016357
                     94,                 1.5296,                 1.0468,                 1.3071,                0.18469,                0.25439,                0.16739,                0.05988,                 2.8189,                 2.6913,                 2.2087,              0.0016317,              0.0016317,              0.0016317
                     95,                 1.4821,                0.97156,                 1.3098,                0.33921,                0.35088,                0.26098,                0.09313,                 2.4676,                 2.2599,                  1.932,              0.0016278,              0.0016278,              0.0016278
                     96,                 1.5186,                 1.0185,                 1.2946,                0.25537,                0.35965,                0.19282,                0.06787,                 2.7275,                 2.3882,                  2.132,              0.0016238,              0.0016238,              0.0016238
                     97,                 1.5303,                0.97765,                 1.2886,                0.39343,                0.27193,                0.25298,                0.08682,                 2.6647,                 2.3623,                 2.1172,              0.0016198,              0.0016198,              0.0016198
                     98,                 1.4748,                0.97647,                 1.2676,                 0.3507,                0.22807,                0.22842,                0.08373,                 2.6267,                 2.5186,                  2.065,              0.0016159,              0.0016159,              0.0016159
                     99,                 1.7567,                 1.1143,                 1.5499,                0.35486,                0.22807,                0.18279,                0.06807,                 2.7141,                 2.8866,                 2.1285,              0.0016119,              0.0016119,              0.0016119
                    100,                 1.4886,                0.98707,                 1.2947,                0.41405,                0.26036,                0.21048,                0.07253,                 2.4956,                 2.5525,                 1.9082,               0.001608,               0.001608,               0.001608
                    101,                 1.4354,                0.96411,                 1.2911,                0.37647,                0.34211,                0.26528,                0.09697,                 2.4392,                 2.2259,                 1.8682,               0.001604,               0.001604,               0.001604
                    102,                 1.4453,                 1.0127,                 1.2372,                0.36206,                0.32456,                0.27105,                0.10712,                 2.3874,                 2.1529,                 1.8516,                 0.0016,                 0.0016,                 0.0016
                    103,                 1.4889,                 0.9263,                 1.2663,                0.28322,                 0.3778,                0.23585,                0.07397,                 2.7027,                 2.3742,                 2.1065,              0.0015961,              0.0015961,              0.0015961
                    104,                 1.4502,                0.95969,                 1.2507,                0.41972,                0.27193,                0.25576,                0.08747,                 2.5247,                 2.2807,                 2.0513,              0.0015921,              0.0015921,              0.0015921
                    105,                 1.3898,                 1.0198,                 1.2531,                0.43849,                0.31579,                0.26125,                  0.079,                 2.6258,                 2.4609,                 2.1286,              0.0015882,              0.0015882,              0.0015882
                    106,                 1.4279,                0.91332,                  1.246,                0.63076,                 0.2807,                0.32362,                0.12148,                 2.3927,                 2.1111,                 1.9321,              0.0015842,              0.0015842,              0.0015842
                    107,                 1.4595,                0.95398,                 1.2697,                0.54297,                0.26316,                0.26955,                0.09717,                 2.4845,                 2.2344,                 2.0184,              0.0015802,              0.0015802,              0.0015802
                    108,                 1.4607,                 1.0631,                 1.2937,                0.50201,                0.33333,                0.29218,                0.11736,                 2.4195,                 2.2404,                 1.9239,              0.0015763,              0.0015763,              0.0015763
                    109,                 1.4758,                0.98067,                 1.2678,                0.40315,                0.22807,                0.20246,                0.07969,                 2.6244,                 2.4685,                 2.0659,              0.0015723,              0.0015723,              0.0015723
                    110,                 1.3813,                0.89617,                 1.2633,                0.39957,                0.23684,                0.24175,                0.08828,                 2.6078,                 2.2512,                 2.0405,              0.0015684,              0.0015684,              0.0015684
                    111,                 1.4503,                0.96344,                 1.2421,                0.29222,                0.38596,                0.24875,                0.08779,                 2.5352,                 2.3013,                  1.946,              0.0015644,              0.0015644,              0.0015644
                    112,                 1.5117,                  1.101,                 1.3629,                0.33652,                0.28947,                0.25526,                0.08541,                 2.6001,                 2.2554,                 2.0061,              0.0015604,              0.0015604,              0.0015604
                    113,                 1.3681,                0.90251,                 1.1897,                0.32798,                0.27193,                0.23601,                0.08856,                 2.5691,                 2.2985,                 1.9464,              0.0015565,              0.0015565,              0.0015565
                    114,                 1.4369,                 1.1939,                 1.2876,                0.32937,                0.23684,                0.17279,                 0.0599,                 2.8392,                 2.5491,                 2.3017,              0.0015525,              0.0015525,              0.0015525
                    115,                 1.4867,                0.92994,                 1.2885,                0.37705,                0.29825,                  0.238,                0.07931,                 2.6559,                  2.329,                 2.1353,              0.0015486,              0.0015486,              0.0015486
                    116,                 1.3662,                 0.8861,                 1.2186,                0.42566,                0.32456,                0.24791,                0.08594,                 2.5589,                 2.2752,                 1.9949,              0.0015446,              0.0015446,              0.0015446
                    117,                 1.4139,                0.94991,                 1.2564,                 0.4508,                0.30702,                 0.2533,                0.07786,                 2.5826,                 2.3216,                 1.9588,              0.0015406,              0.0015406,              0.0015406
                    118,                 1.3856,                0.85633,                 1.2366,                0.40011,                0.35103,                0.28485,                0.09585,                 2.4592,                 2.1941,                 1.8872,              0.0015367,              0.0015367,              0.0015367
                    119,                 1.4298,                0.89643,                  1.213,                0.45082,                0.35965,                0.31382,                0.11025,                 2.4905,                 2.2517,                 2.0141,              0.0015327,              0.0015327,              0.0015327
                    120,                 1.3909,                0.89104,                 1.2334,                0.47296,                0.31579,                0.29697,                0.10301,                 2.3973,                 2.3749,                 1.9122,              0.0015288,              0.0015288,              0.0015288
                    121,                 1.4458,                 1.1446,                 1.3004,                0.42557,                0.29825,                0.25022,                0.08274,                 2.4977,                 2.4509,                 1.8736,              0.0015248,              0.0015248,              0.0015248
                    122,                 1.3549,                0.90229,                 1.2387,                0.35211,                0.36842,                0.23906,                0.08169,                 2.5012,                 2.4139,                 1.8846,              0.0015208,              0.0015208,              0.0015208
                    123,                 1.3579,                0.88876,                  1.204,                0.40098,                0.42982,                 0.2838,                0.09714,                 2.5244,                 2.1585,                 1.9197,              0.0015169,              0.0015169,              0.0015169
                    124,                 1.4064,                0.86578,                 1.2254,                0.45946,                0.45483,                0.33981,                0.13338,                 2.4032,                 1.9804,                  1.824,              0.0015129,              0.0015129,              0.0015129
                    125,                 1.3858,                 0.9337,                 1.2299,                0.35683,                0.36842,                0.25373,                0.09195,                  2.601,                 2.1323,                 2.0303,               0.001509,               0.001509,               0.001509
                    126,                 1.4424,                0.87138,                 1.2219,                0.40355,                0.35965,                0.23916,                0.07569,                 2.5351,                 2.1722,                 2.0269,               0.001505,               0.001505,               0.001505
                    127,                 1.4017,                 0.8816,                 1.2067,                0.46533,                0.27193,                0.27219,                0.08812,                 2.4798,                 2.2004,                 1.9591,               0.001501,               0.001501,               0.001501
                    128,                  1.409,                0.91151,                 1.2133,                0.48737,                0.26316,                0.26971,                0.09783,                 2.5073,                  2.308,                  1.947,              0.0014971,              0.0014971,              0.0014971
                    129,                 1.3947,                0.99082,                 1.2705,                 0.3463,                0.34211,                0.28496,                0.09418,                 2.5168,                 2.2182,                  1.968,              0.0014931,              0.0014931,              0.0014931
                    130,                 1.3663,                0.95707,                 1.2483,                0.42346,                0.34211,                0.28292,                0.10377,                 2.4947,                 2.0764,                 2.0127,              0.0014892,              0.0014892,              0.0014892
                    131,                 1.3029,                0.86297,                 1.1811,                0.44177,                0.42105,                0.29652,                0.12004,                 2.4733,                 2.0128,                  2.036,              0.0014852,              0.0014852,              0.0014852
                    132,                 1.3409,                0.84381,                  1.225,                0.45487,                0.31579,                0.27329,                0.09639,                 2.6376,                 2.2205,                  2.102,              0.0014812,              0.0014812,              0.0014812
                    133,                 1.3567,                0.92447,                 1.2037,                0.30217,                0.38596,                0.20887,                0.07099,                 2.5986,                 2.3131,                 2.0288,              0.0014773,              0.0014773,              0.0014773
                    134,                 1.5774,                 1.0072,                 1.5126,                0.34123,                0.38596,                0.20254,                0.06182,                 2.5879,                 2.2993,                  1.983,              0.0014733,              0.0014733,              0.0014733
                    135,                 1.2955,                0.83154,                 1.1666,                0.39143,                0.35088,                0.23149,                0.07496,                 2.5462,                 2.1885,                 1.9833,              0.0014694,              0.0014694,              0.0014694
                    136,                 1.2964,                0.85387,                 1.1816,                0.53163,                0.35965,                0.33145,                0.10387,                  2.559,                 2.0932,                 1.9924,              0.0014654,              0.0014654,              0.0014654
                    137,                 1.3147,                0.84962,                 1.1953,                0.42645,                0.35965,                 0.3092,                0.11187,                 2.5414,                   2.06,                 1.9691,              0.0014614,              0.0014614,              0.0014614
                    138,                  1.388,                0.88454,                 1.2291,                0.44918,                0.32908,                0.28826,                0.10032,                 2.5501,                 2.1708,                 2.0286,              0.0014575,              0.0014575,              0.0014575
                    139,                 1.3391,                0.83356,                  1.197,                0.45252,                 0.2807,                0.27405,                0.08337,                 2.6294,                 2.2763,                 2.1094,              0.0014535,              0.0014535,              0.0014535
                    140,                 1.3222,                0.81557,                 1.2273,                0.39041,                0.32586,                0.27356,                0.08869,                  2.569,                 2.1963,                 2.0386,              0.0014496,              0.0014496,              0.0014496
                    141,                 1.3162,                0.80707,                 1.1804,                0.52186,                0.34211,                0.29765,                0.09479,                 2.6008,                 2.3151,                 2.0354,              0.0014456,              0.0014456,              0.0014456
                    142,                 1.3385,                0.81845,                 1.2257,                0.41548,                0.39474,                0.29708,                0.09489,                 2.4746,                 2.0896,                 1.9162,              0.0014416,              0.0014416,              0.0014416
                    143,                 1.3516,                0.90727,                 1.1965,                 0.4579,                0.36842,                0.30784,                0.09441,                 2.5205,                 2.2064,                 1.9574,              0.0014377,              0.0014377,              0.0014377
                    144,                 1.3477,                0.82724,                 1.1851,                0.37105,                0.33333,                0.28399,                0.09829,                 2.4785,                 2.4135,                 1.9593,              0.0014337,              0.0014337,              0.0014337
                    145,                 1.3804,                0.92318,                 1.2186,                0.34266,                0.33381,                0.27275,                0.09021,                 2.5123,                 2.4379,                 2.0126,              0.0014298,              0.0014298,              0.0014298
                    146,                 1.2636,                0.83805,                 1.1957,                0.44069,                0.21053,                0.22753,                 0.0775,                 2.6041,                 2.5384,                 2.0463,              0.0014258,              0.0014258,              0.0014258
                    147,                 1.2417,                 0.8829,                 1.1726,                0.30931,                0.33333,                0.23742,                0.08085,                 2.6295,                 2.3682,                 2.0645,              0.0014218,              0.0014218,              0.0014218
                    148,                 1.3309,                0.88812,                 1.2385,                0.54121,                0.29825,                0.29845,                0.09483,                 2.5477,                 2.1735,                 2.0681,              0.0014179,              0.0014179,              0.0014179
                    149,                 1.2934,                0.79489,                 1.1798,                0.42262,                0.24561,                0.21647,                0.06881,                 2.7012,                 2.2532,                 2.1756,              0.0014139,              0.0014139,              0.0014139
                    150,                 1.2614,                0.79721,                 1.1824,                  0.377,                0.28947,                0.24847,                0.07951,                 2.7091,                 2.3304,                  2.177,                0.00141,                0.00141,                0.00141
                    151,                 1.2261,                0.76775,                 1.1118,                0.27012,                0.26316,                0.17064,                0.05608,                 2.7925,                 2.6216,                 2.1726,               0.001406,               0.001406,               0.001406
                    152,                 1.2985,                0.79637,                 1.1643,                0.45187,                0.21053,                0.21192,                0.07177,                 2.8179,                 2.4133,                 2.2058,               0.001402,               0.001402,               0.001402
                    153,                 1.2948,                0.81152,                 1.1732,                0.38647,                0.31579,                0.26272,                0.09551,                 2.6379,                 2.2972,                 2.0267,              0.0013981,              0.0013981,              0.0013981
                    154,                 1.2903,                0.79291,                 1.1625,                0.36172,                0.35965,                0.24555,                0.08482,                 2.6524,                 2.3268,                 2.0864,              0.0013941,              0.0013941,              0.0013941
                    155,                 1.4123,                 1.1441,                 1.4298,                0.42975,                0.37719,                0.30012,                0.11208,                 2.4617,                 2.1716,                 1.9406,              0.0013902,              0.0013902,              0.0013902
                    156,                 1.2447,                 1.0049,                 1.2043,                0.44463,                0.32456,                0.30174,                0.09997,                 2.5379,                 2.3105,                 2.0254,              0.0013862,              0.0013862,              0.0013862
                    157,                 1.3175,                0.77587,                 1.1745,                 0.5225,                 0.2807,                0.28162,                0.09311,                 2.5396,                 2.3768,                 1.9649,              0.0013822,              0.0013822,              0.0013822
                    158,                 1.3497,                0.84816,                 1.1869,                0.37486,                0.34211,                0.27691,                0.09854,                 2.3657,                  2.263,                 1.8057,              0.0013783,              0.0013783,              0.0013783
                    159,                 1.3625,                0.77903,                 1.2171,                0.30712,                0.29552,                0.21307,                0.07116,                 2.5343,                 2.4766,                 1.9188,              0.0013743,              0.0013743,              0.0013743
                    160,                 1.2835,                0.76446,                 1.2052,                0.36883,                 0.2307,                0.20664,                0.06993,                 2.6287,                 2.6666,                 2.0595,              0.0013704,              0.0013704,              0.0013704
                    161,                 1.2863,                0.80425,                 1.1662,                0.57613,                0.23684,                0.23016,                0.08186,                 2.6872,                 2.7393,                 2.1352,              0.0013664,              0.0013664,              0.0013664
                    162,                 1.2197,                0.75258,                 1.1359,                0.55607,                0.25439,                 0.2461,                0.09811,                 2.5794,                 2.6435,                 2.0221,              0.0013624,              0.0013624,              0.0013624
                    163,                 1.2067,                0.76711,                 1.1341,                0.42127,                0.29825,                0.21451,                0.09268,                 2.4895,                 2.7695,                 1.8908,              0.0013585,              0.0013585,              0.0013585
                    164,                 1.3444,                 1.1438,                 1.2077,                0.37224,                0.22807,                0.17139,                0.06957,                 2.6201,                 2.9332,                 2.0124,              0.0013545,              0.0013545,              0.0013545
                    165,                  1.328,                0.78559,                 1.1664,                0.33298,                0.24561,                0.18628,                0.06581,                 2.5725,                 2.8678,                  1.999,              0.0013506,              0.0013506,              0.0013506
                    166,                 1.1789,                0.73103,                 1.1295,                0.35472,                0.29825,                0.20186,                0.07012,                 2.4865,                  2.449,                 1.9114,              0.0013466,              0.0013466,              0.0013466
                    167,                 1.3219,                  0.776,                 1.1904,                0.33324,                0.37719,                 0.2352,                0.09316,                 2.3897,                 2.1933,                 1.8394,              0.0013426,              0.0013426,              0.0013426
                    168,                 1.1416,                0.85716,                 1.0717,                0.39794,                0.37719,                0.26709,                0.09603,                 2.3999,                 2.1154,                 1.8789,              0.0013387,              0.0013387,              0.0013387
                    169,                  1.244,                0.74488,                 1.1536,                 0.3565,                0.47368,                0.27655,                0.08496,                  2.541,                 2.1743,                 1.9777,              0.0013347,              0.0013347,              0.0013347
                    170,                 1.2993,                0.77123,                 1.1676,                0.27478,                0.44737,                0.26685,                0.08895,                 2.5134,                 2.2787,                   1.93,              0.0013308,              0.0013308,              0.0013308
                    171,                 1.1714,                0.72635,                 1.1073,                0.36654,                0.37054,                0.26389,                0.09585,                 2.4678,                 2.2381,                 1.9364,              0.0013268,              0.0013268,              0.0013268
                    172,                 1.2892,                 1.0176,                 1.3055,                 0.3493,                0.36842,                0.26964,                0.08527,                 2.5528,                  2.329,                 1.9848,              0.0013228,              0.0013228,              0.0013228
                    173,                 1.2536,                0.74797,                 1.1483,                0.40794,                0.31579,                0.27604,                0.09802,                 2.5131,                  2.193,                 1.9038,              0.0013189,              0.0013189,              0.0013189
                    174,                 1.2129,                 0.7703,                 1.1221,                0.40395,                0.32699,                0.28916,                0.09386,                  2.517,                 2.1767,                 1.9399,              0.0013149,              0.0013149,              0.0013149
                    175,                 1.2017,                0.84121,                 1.1479,                0.40499,                 0.2807,                 0.2439,                0.08925,                 2.6219,                 2.4845,                 2.0798,               0.001311,               0.001311,               0.001311
                    176,                 1.2155,                0.72075,                 1.1363,                0.48596,                0.27193,                0.26692,                 0.0984,                 2.5373,                 2.3072,                 2.0037,               0.001307,               0.001307,               0.001307
                    177,                 1.3074,                0.80629,                 1.2347,                 0.3995,                0.28598,                0.27466,                0.09732,                 2.5894,                 2.3342,                 2.0324,               0.001303,               0.001303,               0.001303
                    178,                 1.2983,                0.91247,                  1.205,                0.29111,                0.38596,                 0.2657,                0.09999,                 2.4707,                 2.4032,                  1.952,              0.0012991,              0.0012991,              0.0012991
                    179,                 1.2908,                0.76661,                 1.1969,                 0.3558,                 0.3004,                0.24494,                0.10399,                 2.5466,                  2.443,                 2.0346,              0.0012951,              0.0012951,              0.0012951
                    180,                 1.2548,                0.79253,                 1.1676,                0.37567,                0.28947,                 0.2524,                0.09641,                  2.703,                 2.5112,                 2.1943,              0.0012912,              0.0012912,              0.0012912
                    181,                 1.1806,                0.71507,                 1.1479,                0.33196,                0.32456,                0.24279,                0.09564,                 2.4953,                 2.3941,                 1.9692,              0.0012872,              0.0012872,              0.0012872
                    182,                 1.1935,                0.81681,                 1.1437,                 0.3102,                0.31579,                0.22118,                0.08042,                 2.6666,                 2.4861,                 2.0763,              0.0012832,              0.0012832,              0.0012832
                    183,                 1.2027,                0.78265,                 1.1707,                0.28393,                0.25439,                0.20417,                0.07621,                 2.7504,                 2.4258,                 2.1435,              0.0012793,              0.0012793,              0.0012793
                    184,                 1.2842,                0.75372,                 1.2312,                0.32674,                  0.298,                0.22301,                0.07651,                 2.7254,                 2.5294,                 2.1147,              0.0012753,              0.0012753,              0.0012753
                    185,                 1.2599,                0.79703,                 1.1616,                0.32625,                0.29825,                0.22203,                  0.081,                 2.6709,                 2.5047,                 2.1194,              0.0012714,              0.0012714,              0.0012714
                    186,                 1.2105,                0.71065,                 1.1241,                 0.3645,                0.34717,                0.27625,                0.10333,                 2.4576,                 2.2304,                   1.93,              0.0012674,              0.0012674,              0.0012674
                    187,                 1.1927,                0.77003,                 1.1369,                0.43311,                0.32456,                  0.285,                0.10269,                  2.439,                 2.2187,                 1.9099,              0.0012634,              0.0012634,              0.0012634
                    188,                 1.2411,                0.81681,                 1.1305,                0.30853,                0.46491,                0.25096,                0.08921,                 2.4614,                 2.2291,                 1.9012,              0.0012595,              0.0012595,              0.0012595
                    189,                 1.3526,                0.86926,                 1.2318,                0.32139,                0.47368,                0.27086,                0.08779,                 2.4385,                 2.2168,                 1.8782,              0.0012555,              0.0012555,              0.0012555
                    190,                 1.2116,                0.75217,                 1.1433,                0.40037,                0.29825,                0.25262,                0.08699,                  2.476,                 2.3426,                 1.9302,              0.0012516,              0.0012516,              0.0012516
                    191,                 1.1351,                0.70808,                 1.0926,                 0.3019,                0.38596,                0.25722,                0.09034,                 2.5527,                 2.3609,                   1.98,              0.0012476,              0.0012476,              0.0012476
                    192,                 1.1479,                0.70246,                 1.0882,                0.35534,                0.40351,                0.29583,                0.10149,                 2.4842,                 2.2842,                 1.9222,              0.0012436,              0.0012436,              0.0012436
                    193,                 1.1749,                0.73431,                 1.1151,                0.29514,                0.35965,                0.22736,                0.07878,                 2.7257,                 2.4144,                  2.118,              0.0012397,              0.0012397,              0.0012397
                    194,                 1.1943,                0.70648,                 1.0925,                0.34111,                0.30702,                0.24075,                0.08609,                 2.6919,                  2.194,                 2.0988,              0.0012357,              0.0012357,              0.0012357
                    195,                 1.2132,                0.74363,                 1.1368,                0.38005,                0.26316,                0.22323,                0.07964,                 2.7334,                  2.355,                 2.2337,              0.0012318,              0.0012318,              0.0012318
                    196,                  1.174,                0.70371,                 1.1228,                0.31249,                0.35088,                0.25684,                0.08033,                 2.6037,                  2.398,                 2.1324,              0.0012278,              0.0012278,              0.0012278
                    197,                 1.1219,                0.73544,                 1.1179,                0.30024,                0.40351,                0.24253,                0.08346,                  2.639,                 2.3751,                 2.1714,              0.0012238,              0.0012238,              0.0012238
                    198,                 1.2346,                 0.7548,                 1.1984,                0.27897,                0.35088,                0.22867,                0.08394,                 2.6401,                 2.5045,                 2.1134,              0.0012199,              0.0012199,              0.0012199
                    199,                 1.1929,                0.69445,                 1.0937,                0.43244,                0.18421,                0.19284,                0.06726,                 2.8003,                 2.5556,                 2.2781,              0.0012159,              0.0012159,              0.0012159
                    200,                 1.2069,                0.74464,                 1.1046,                0.32683,                0.37719,                0.24189,                0.07679,                 2.5462,                  2.429,                 2.0108,               0.001212,               0.001212,               0.001212
                    201,                 1.1724,                0.72341,                 1.1426,                0.46574,                0.28947,                0.24113,                0.08655,                 2.6593,                 2.5166,                 2.1171,               0.001208,               0.001208,               0.001208
                    202,                 1.2585,                0.71354,                 1.1265,                0.35869,                0.38596,                0.27974,                0.09636,                 2.5327,                 2.4998,                 2.0283,               0.001204,               0.001204,               0.001204
                    203,                 1.1462,                0.70661,                 1.1116,                0.53432,                0.23684,                0.25898,                0.10114,                 2.4931,                 2.6377,                 2.0261,              0.0012001,              0.0012001,              0.0012001
                    204,                 1.1742,                0.72652,                 1.1271,                0.44878,                0.26316,                0.24348,                0.09273,                  2.497,                 2.5628,                 2.0032,              0.0011961,              0.0011961,              0.0011961
                    205,                 1.2797,                0.70237,                 1.1653,                  0.321,                0.36842,                0.25984,                0.10972,                 2.4363,                 2.3502,                 1.9304,              0.0011922,              0.0011922,              0.0011922
                    206,                 1.1384,                0.71358,                  1.107,                0.30379,                0.32456,                0.24907,                0.09604,                 2.5313,                 2.4753,                 2.0716,              0.0011882,              0.0011882,              0.0011882
                    207,                 1.1656,                 0.7877,                 1.0916,                0.39682,                0.30587,                 0.2721,                 0.1028,                 2.5125,                 2.3865,                 2.0682,              0.0011842,              0.0011842,              0.0011842
                    208,                 1.1392,                0.69202,                 1.1889,                0.47453,                0.23684,                0.23933,                0.08035,                 2.6229,                 2.6031,                 2.0942,              0.0011803,              0.0011803,              0.0011803
                    209,                  1.324,                0.71802,                 1.1617,                0.45315,                0.24561,                0.22946,                0.08103,                 2.6524,                 2.6714,                 2.1222,              0.0011763,              0.0011763,              0.0011763
                    210,                 1.0345,                0.76614,                0.99483,                0.28418,                0.34211,                0.22214,                0.08738,                 2.5743,                 2.5699,                 1.9985,              0.0011724,              0.0011724,              0.0011724
                    211,                 1.1872,                0.70958,                 1.1849,                0.33337,                0.40351,                0.27645,                0.11094,                 2.5189,                 2.2955,                 1.9917,              0.0011684,              0.0011684,              0.0011684
                    212,                 1.1647,                 0.7488,                 1.1549,                0.34943,                0.36842,                0.27521,                0.09983,                  2.628,                 2.1515,                 2.0987,              0.0011644,              0.0011644,              0.0011644
                    213,                 1.0834,                0.67743,                 1.0845,                0.43705,                0.35416,                0.29812,                0.10572,                 2.6256,                 2.0896,                 2.0575,              0.0011605,              0.0011605,              0.0011605
                    214,                 1.1437,                0.73538,                 1.1087,                0.46564,                0.30702,                0.28822,                0.10143,                 2.6888,                 2.3142,                 2.1617,              0.0011565,              0.0011565,              0.0011565
                    215,                 1.0799,                0.63258,                 1.0766,                0.49299,                 0.2193,                0.24499,                  0.089,                 2.7088,                  2.676,                 2.1485,              0.0011526,              0.0011526,              0.0011526
                    216,                 1.1741,                 0.6813,                 1.0987,                0.41278,                 0.2775,                0.25832,                0.09383,                  2.603,                 2.6209,                 2.0365,              0.0011486,              0.0011486,              0.0011486
                    217,                 1.1349,                0.69514,                  1.123,                0.43399,                 0.2807,                0.26446,                0.08976,                 2.6207,                 2.5891,                 2.1021,              0.0011446,              0.0011446,              0.0011446
                    218,                 1.1908,                  0.686,                 1.1219,                0.32623,                0.33333,                0.27438,                0.08414,                 2.6488,                 2.6885,                 2.1504,              0.0011407,              0.0011407,              0.0011407
                    219,                 1.1679,                0.71434,                 1.1597,                0.35665,                0.29825,                 0.2675,                 0.0858,                 2.5978,                  2.702,                 2.0808,              0.0011367,              0.0011367,              0.0011367
                    220,                 1.1428,                0.72906,                  1.104,                0.42322,                0.22807,                0.25381,                0.09172,                 2.6609,                 2.6975,                  2.119,              0.0011328,              0.0011328,              0.0011328
                    221,                 1.1672,                0.65127,                 1.0841,                0.31672,                0.31579,                0.26817,                0.10361,                  2.558,                 2.4092,                  2.019,              0.0011288,              0.0011288,              0.0011288
                    222,                 1.1369,                0.67836,                 1.0968,                0.46153,                 0.2193,                0.22542,                0.09134,                 2.6261,                 2.3895,                 2.0344,              0.0011248,              0.0011248,              0.0011248
                    223,                0.97401,                0.73259,                0.98798,                0.41713,                0.29825,                0.30441,                0.10314,                 2.6089,                 2.2219,                 2.0404,              0.0011209,              0.0011209,              0.0011209
                    224,                 1.1262,                0.66501,                 1.0548,                0.34263,                0.50877,                0.31332,                0.10767,                 2.4617,                 2.0648,                 1.9402,              0.0011169,              0.0011169,              0.0011169
